"number","behaviour_event","value","type_event","fps","time","depth","x","y","z","behaviour","type","location","place","raw"
1,"1.sitting",1,"1.Resting",46274,"14:16.4",0.71,-0.052,0.452,0.986,"sitting","Resting","land","land","sitting"
1,"1.sitting",1,"1.Resting",46275,"14:16.5",0.71,-0.075,0.464,0.952,"sitting","Resting","land","land",""
1,"1.sitting",1,"1.Resting",46276,"14:16.5",0.71,-0.024,0.459,0.915,"sitting","Resting","land","land",""
1,"1.sitting",1,"1.Resting",46277,"14:16.6",0.71,0.008,0.452,0.885,"sitting","Resting","land","land",""
1,"1.sitting",1,"1.Resting",46278,"14:16.6",0.71,0.014,0.449,0.868,"sitting","Resting","land","land",""
1,"1.sitting",1,"1.Resting",46279,"14:16.7",0.71,-0.016,0.393,0.802,"sitting","Resting","land","land",""
1,"1.sitting",1,"1.Resting",46280,"14:16.7",0.71,-0.026,0.428,0.881,"sitting","Resting","land","land",""
1,"1.sitting",1,"1.Resting",46281,"14:16.8",0.71,-0.019,0.408,0.925,"sitting","Resting","land","land",""
1,"1.sitting",1,"1.Resting",46282,"14:16.8",0.71,-0.013,0.407,0.961,"sitting","Resting","land","land",""
1,"1.sitting",1,"1.Resting",46283,"14:16.9",0.71,-0.015,0.363,0.846,"sitting","Resting","land","land",""
1,"1.sitting",1,"1.Resting",46284,"14:16.9",0.71,0.016,0.388,0.841,"sitting","Resting","land","land",""
1,"1.sitting",1,"1.Resting",46285,"14:17.0",0.71,0.048,0.422,0.874,"sitting","Resting","land","land",""
1,"1.sitting",1,"1.Resting",46286,"14:17.0",0.71,0.034,0.424,0.904,"sitting","Resting","land","land",""
1,"1.sitting",1,"1.Resting",46287,"14:17.1",0.71,-0.003,0.377,0.91,"sitting","Resting","land","land",""
1,"1.sitting",1,"1.Resting",46288,"14:17.1",0.71,0.004,0.379,0.845,"sitting","Resting","land","land",""
1,"1.sitting",1,"1.Resting",46289,"14:17.2",0.71,-0.007,0.398,0.879,"sitting","Resting","land","land",""
1,"1.sitting",1,"1.Resting",46290,"14:17.2",0.71,0.011,0.394,0.898,"sitting","Resting","land","land",""
1,"1.sitting",1,"1.Resting",46291,"14:17.3",0.71,0.012,0.354,0.907,"sitting","Resting","land","land",""
1,"1.sitting",1,"1.Resting",46292,"14:17.3",0.71,0.098,0.381,0.896,"sitting","Resting","land","land",""
1,"1.sitting",1,"1.Resting",46293,"14:17.4",0.71,0.131,0.391,0.881,"sitting","Resting","land","land",""
1,"1.sitting",1,"1.Resting",46294,"14:17.5",0.71,0.067,0.427,0.941,"sitting","Resting","land","land",""
1,"1.sitting",1,"1.Resting",46295,"14:17.5",0.71,0.096,0.495,1.039,"sitting","Resting","land","land",""
1,"1.sitting",1,"1.Resting",46296,"14:17.5",0.71,0.024,0.402,0.952,"sitting","Resting","land","land",""
1,"1.sitting",1,"1.Resting",46297,"14:17.6",0.71,0.036,0.397,0.898,"sitting","Resting","land","land",""
1,"1.sitting",1,"1.Resting",46298,"14:17.6",0.71,0.038,0.335,0.865,"sitting","Resting","land","land",""
1,"1.sitting",1,"1.Resting",46299,"14:17.7",0.71,0.068,0.369,0.918,"sitting","Resting","land","land",""
1,"1.sitting",1,"1.Resting",46300,"14:17.7",0.71,0.05,0.433,1.017,"sitting","Resting","land","land",""
1,"1.sitting",1,"1.Resting",46301,"14:17.8",0.71,0.021,0.422,0.981,"sitting","Resting","land","land",""
1,"1.sitting",1,"1.Resting",46302,"14:17.8",0.75,0.025,0.413,0.936,"sitting","Resting","land","land",""
1,"1.sitting",1,"1.Resting",46303,"14:17.9",0.71,0.082,0.434,1.005,"sitting","Resting","land","land",""
1,"1.sitting",1,"1.Resting",46304,"14:17.9",0.71,0.09,0.383,0.919,"sitting","Resting","land","land",""
1,"1.sitting",1,"1.Resting",46305,"14:18.0",0.71,0.104,0.331,0.859,"sitting","Resting","land","land",""
1,"1.sitting",1,"1.Resting",46306,"14:18.0",0.71,0.088,0.392,0.953,"sitting","Resting","land","land",""
1,"1.sitting",1,"1.Resting",46307,"14:18.1",0.71,0.07,0.349,0.875,"sitting","Resting","land","land",""
1,"1.sitting",1,"1.Resting",46308,"14:18.1",0.71,0.043,0.379,0.912,"sitting","Resting","land","land",""
1,"1.sitting",1,"1.Resting",46309,"14:18.2",0.71,-0.01,0.386,0.952,"sitting","Resting","land","land",""
1,"1.sitting",1,"1.Resting",46310,"14:18.2",0.71,0.004,0.334,0.905,"sitting","Resting","land","land",""
1,"1.sitting",1,"1.Resting",46311,"14:18.3",0.71,0.072,0.388,0.964,"sitting","Resting","land","land",""
1,"1.sitting",1,"1.Resting",46312,"14:18.3",0.71,0.109,0.412,0.976,"sitting","Resting","land","land",""
1,"1.sitting",1,"1.Resting",46313,"14:18.4",0.71,0.106,0.388,0.948,"sitting","Resting","land","land",""
1,"1.sitting",1,"1.Resting",46314,"14:18.4",0.71,0.124,0.355,0.876,"sitting","Resting","land","land",""
1,"1.sitting",1,"1.Resting",46315,"14:18.5",0.71,0.13,0.422,1.004,"sitting","Resting","land","land",""
1,"1.sitting",1,"1.Resting",46316,"14:18.5",0.71,0.098,0.359,0.914,"sitting","Resting","land","land",""
1,"1.sitting",1,"1.Resting",46317,"14:18.6",0.71,0.107,0.398,0.939,"sitting","Resting","land","land",""
1,"1.sitting",1,"1.Resting",46318,"14:18.6",0.71,0.12,0.4,0.948,"sitting","Resting","land","land",""
1,"1.sitting",1,"1.Resting",46319,"14:18.7",0.71,0.158,0.361,0.894,"sitting","Resting","land","land",""
1,"1.sitting",1,"1.Resting",46320,"14:18.7",0.71,0.178,0.367,0.909,"sitting","Resting","land","land",""
1,"1.sitting",1,"1.Resting",46321,"14:18.8",0.71,0.195,0.383,0.91,"sitting","Resting","land","land",""
1,"1.sitting",1,"1.Resting",46322,"14:18.8",0.71,0.168,0.351,0.875,"sitting","Resting","land","land",""
1,"1.sitting",1,"1.Resting",46323,"14:18.9",0.75,0.137,0.307,0.812,"sitting","Resting","land","land",""
1,"1.sitting",1,"1.Resting",46324,"14:18.9",0.71,0.102,0.365,0.925,"sitting","Resting","land","land",""
1,"1.sitting",1,"1.Resting",46325,"14:19.0",0.71,0.108,0.397,1.022,"sitting","Resting","land","land",""
1,"1.sitting",1,"1.Resting",46326,"14:19.0",0.71,0.042,0.362,1.004,"sitting","Resting","land","land",""
1,"1.sitting",1,"1.Resting",46327,"14:19.1",0.71,0.102,0.388,0.888,"sitting","Resting","land","land",""
1,"1.sitting",1,"1.Resting",46328,"14:19.1",0.71,0.139,0.36,0.94,"sitting","Resting","land","land",""
1,"1.sitting",1,"1.Resting",46329,"14:19.2",0.71,0.092,0.419,1.09,"sitting","Resting","land","land",""
1,"1.sitting",1,"1.Resting",46330,"14:19.2",0.71,0.053,0.443,0.965,"sitting","Resting","land","land",""
1,"1.sitting",1,"1.Resting",46331,"14:19.3",0.71,0.099,0.438,0.912,"sitting","Resting","land","land",""
1,"1.sitting",1,"1.Resting",46332,"14:19.3",0.71,0.131,0.409,0.937,"sitting","Resting","land","land",""
1,"1.sitting",1,"1.Resting",46333,"14:19.4",0.71,0.102,0.396,0.913,"sitting","Resting","land","land",""
1,"1.sitting",1,"1.Resting",46334,"14:19.4",0.71,0.137,0.423,0.928,"sitting","Resting","land","land",""
1,"1.sitting",1,"1.Resting",46335,"14:19.5",0.75,0.118,0.385,0.864,"sitting","Resting","land","land",""
1,"1.sitting",1,"1.Resting",46336,"14:19.5",0.71,0.071,0.339,0.886,"sitting","Resting","land","land",""
1,"1.sitting",1,"1.Resting",46337,"14:19.6",0.71,0.087,0.387,0.952,"sitting","Resting","land","land",""
1,"1.sitting",1,"1.Resting",46338,"14:19.7",0.71,0.083,0.462,1.112,"sitting","Resting","land","land",""
1,"1.sitting",1,"1.Resting",46339,"14:19.7",0.71,0.037,0.414,1.048,"sitting","Resting","land","land",""
1,"1.sitting",1,"1.Resting",46340,"14:19.7",0.71,0.039,0.343,0.959,"sitting","Resting","land","land",""
1,"1.sitting",1,"1.Resting",46341,"14:19.8",0.75,0.068,0.294,0.913,"sitting","Resting","land","land",""
1,"1.sitting",1,"1.Resting",46342,"14:19.8",0.71,0.103,0.308,1.034,"sitting","Resting","land","land",""
1,"1.sitting",1,"1.Resting",46343,"14:19.9",0.71,0.083,0.286,0.94,"sitting","Resting","land","land",""
1,"1.sitting",1,"1.Resting",46344,"14:19.9",0.75,0.131,0.32,0.967,"sitting","Resting","land","land",""
1,"1.sitting",1,"1.Resting",46345,"14:20.0",0.71,0.084,0.344,1.091,"sitting","Resting","land","land",""
1,"1.sitting",1,"1.Resting",46346,"14:20.0",0.71,0.034,0.323,1.063,"sitting","Resting","land","land",""
1,"1.sitting",1,"1.Resting",46347,"14:20.1",0.71,0.055,0.336,0.98,"sitting","Resting","land","land",""
1,"1.sitting",1,"1.Resting",46348,"14:20.1",0.71,0.105,0.344,0.964,"sitting","Resting","land","land",""
1,"1.sitting",1,"1.Resting",46349,"14:20.2",0.75,0.119,0.347,1.007,"sitting","Resting","land","land",""
1,"1.sitting",1,"1.Resting",46350,"14:20.2",0.71,0.099,0.361,1.112,"sitting","Resting","land","land",""
1,"1.sitting",1,"1.Resting",46351,"14:20.3",0.71,0.103,0.331,0.987,"sitting","Resting","land","land",""
1,"1.sitting",1,"1.Resting",46352,"14:20.4",0.71,0.121,0.336,0.961,"sitting","Resting","land","land",""
1,"1.sitting",1,"1.Resting",46353,"14:20.4",0.71,0.1,0.265,0.982,"sitting","Resting","land","land",""
1,"1.sitting",1,"1.Resting",46354,"14:20.4",0.75,0.142,0.249,0.933,"sitting","Resting","land","land",""
1,"1.sitting",1,"1.Resting",46355,"14:20.5",0.75,0.157,0.251,0.87,"sitting","Resting","land","land",""
1,"1.sitting",1,"1.Resting",46356,"14:20.5",0.71,0.137,0.257,0.884,"sitting","Resting","land","land",""
1,"1.sitting",1,"1.Resting",46357,"14:20.6",0.71,0.072,0.278,1.032,"sitting","Resting","land","land",""
1,"1.sitting",1,"1.Resting",46358,"14:20.6",0.71,0.082,0.278,1.009,"sitting","Resting","land","land",""
1,"1.sitting",1,"1.Resting",46359,"14:20.7",0.71,0.117,0.254,0.926,"sitting","Resting","land","land",""
1,"1.sitting",1,"1.Resting",46360,"14:20.7",0.75,0.095,0.307,0.922,"sitting","Resting","land","land",""
1,"1.sitting",1,"1.Resting",46361,"14:20.8",0.71,0.099,0.354,1.018,"sitting","Resting","land","land",""
1,"1.sitting",1,"1.Resting",46362,"14:20.8",0.71,0.098,0.315,0.974,"sitting","Resting","land","land",""
1,"1.sitting",1,"1.Resting",46363,"14:20.9",0.75,0.159,0.283,0.918,"sitting","Resting","land","land",""
1,"1.sitting",1,"1.Resting",46364,"14:20.9",0.75,0.146,0.236,0.967,"sitting","Resting","land","land",""
1,"1.sitting",1,"1.Resting",46365,"14:21.0",0.71,0.133,0.268,1.034,"sitting","Resting","land","land",""
1,"1.sitting",1,"1.Resting",46366,"14:21.0",0.75,0.095,0.281,1.038,"sitting","Resting","land","land",""
1,"1.sitting",1,"1.Resting",46367,"14:21.1",0.75,0.083,0.37,1.014,"sitting","Resting","land","land",""
1,"1.sitting",1,"1.Resting",46368,"14:21.1",0.75,0.115,0.409,1.042,"sitting","Resting","land","land",""
1,"1.sitting",1,"1.Resting",46369,"14:21.2",0.71,0.106,0.377,1.064,"sitting","Resting","land","land",""
1,"1.sitting",1,"1.Resting",46370,"14:21.2",0.71,0.113,0.336,0.978,"sitting","Resting","land","land",""
1,"1.sitting",1,"1.Resting",46371,"14:21.3",0.75,0.144,0.298,0.993,"sitting","Resting","land","land",""
1,"1.sitting",1,"1.Resting",46372,"14:21.3",0.71,0.12,0.278,0.995,"sitting","Resting","land","land",""
1,"1.sitting",1,"1.Resting",46373,"14:21.4",0.75,0.137,0.27,0.96,"sitting","Resting","land","land",""
1,"1.sitting",1,"1.Resting",46374,"14:21.4",0.75,0.182,0.232,0.869,"sitting","Resting","land","land",""
1,"1.sitting",1,"1.Resting",46375,"14:21.5",0.75,0.155,0.253,0.952,"sitting","Resting","land","land",""
1,"1.sitting",1,"1.Resting",46376,"14:21.5",0.75,0.12,0.248,0.894,"sitting","Resting","land","land",""
1,"1.sitting",1,"1.Resting",46377,"14:21.6",0.75,0.118,0.287,0.946,"sitting","Resting","land","land",""
1,"1.sitting",1,"1.Resting",46378,"14:21.6",0.71,0.134,0.3,0.966,"sitting","Resting","land","land",""
1,"1.sitting",1,"1.Resting",46379,"14:21.7",0.71,0.144,0.287,0.978,"sitting","Resting","land","land",""
1,"1.sitting",1,"1.Resting",46380,"14:21.7",0.75,0.148,0.294,0.967,"sitting","Resting","land","land",""
1,"1.sitting",1,"1.Resting",46381,"14:21.8",0.71,0.123,0.316,0.967,"sitting","Resting","land","land",""
1,"1.sitting",1,"1.Resting",46382,"14:21.9",0.75,0.113,0.348,1.013,"sitting","Resting","land","land",""
1,"1.sitting",1,"1.Resting",46383,"14:21.9",0.75,0.084,0.345,0.937,"sitting","Resting","land","land",""
1,"1.sitting",1,"1.Resting",46384,"14:21.9",0.75,0.101,0.324,0.99,"sitting","Resting","land","land",""
1,"1.sitting",1,"1.Resting",46385,"14:22.0",0.75,0.109,0.298,1.001,"sitting","Resting","land","land",""
1,"1.sitting",1,"1.Resting",46386,"14:22.0",0.75,0.129,0.263,0.928,"sitting","Resting","land","land",""
1,"1.sitting",1,"1.Resting",46387,"14:22.1",0.75,0.152,0.279,0.933,"sitting","Resting","land","land",""
1,"1.sitting",1,"1.Resting",46388,"14:22.1",0.75,0.121,0.279,0.937,"sitting","Resting","land","land",""
1,"1.sitting",1,"1.Resting",46389,"14:22.2",0.75,0.096,0.289,0.972,"sitting","Resting","land","land",""
1,"1.sitting",1,"1.Resting",46390,"14:22.2",0.75,0.099,0.312,1.009,"sitting","Resting","land","land",""
1,"1.sitting",1,"1.Resting",46391,"14:22.3",0.75,0.12,0.33,0.959,"sitting","Resting","land","land",""
1,"1.sitting",1,"1.Resting",46392,"14:22.3",0.75,0.133,0.295,0.968,"sitting","Resting","land","land",""
1,"1.sitting",1,"1.Resting",46393,"14:22.4",0.75,0.126,0.263,0.977,"sitting","Resting","land","land",""
1,"1.sitting",1,"1.Resting",46394,"14:22.4",0.75,0.133,0.27,0.948,"sitting","Resting","land","land",""
1,"1.sitting",1,"1.Resting",46395,"14:22.5",0.75,0.165,0.286,0.904,"sitting","Resting","land","land",""
1,"1.sitting",1,"1.Resting",46396,"14:22.6",0.75,0.14,0.294,0.94,"sitting","Resting","land","land",""
1,"1.sitting",1,"1.Resting",46397,"14:22.6",0.75,0.103,0.315,0.977,"sitting","Resting","land","land",""
1,"1.sitting",1,"1.Resting",46398,"14:22.6",0.75,0.081,0.293,0.956,"sitting","Resting","land","land",""
1,"1.sitting",1,"1.Resting",46399,"14:22.7",0.75,0.071,0.283,0.983,"sitting","Resting","land","land",""
1,"1.sitting",1,"1.Resting",46400,"14:22.7",0.75,0.066,0.289,1.028,"sitting","Resting","land","land",""
1,"1.sitting",1,"1.Resting",46401,"14:22.8",0.75,0.061,0.309,1.001,"sitting","Resting","land","land",""
1,"1.sitting",1,"1.Resting",46402,"14:22.8",0.75,0.1,0.335,0.947,"sitting","Resting","land","land",""
1,"1.sitting",1,"1.Resting",46403,"14:22.9",0.75,0.126,0.344,0.942,"sitting","Resting","land","land",""
1,"1.sitting",1,"1.Resting",46404,"14:22.9",0.75,0.106,0.334,1.007,"sitting","Resting","land","land",""
1,"1.sitting",1,"1.Resting",46405,"14:23.0",0.75,0.09,0.303,1.008,"sitting","Resting","land","land",""
1,"1.sitting",1,"1.Resting",46406,"14:23.0",0.75,0.099,0.287,0.971,"sitting","Resting","land","land",""
1,"1.sitting",1,"1.Resting",46407,"14:23.1",0.75,0.083,0.283,0.962,"sitting","Resting","land","land",""
1,"1.sitting",1,"1.Resting",46408,"14:23.1",0.75,0.079,0.274,0.968,"sitting","Resting","land","land",""
1,"1.sitting",1,"1.Resting",46409,"14:23.2",0.75,0.079,0.263,0.919,"sitting","Resting","land","land",""
1,"1.sitting",1,"1.Resting",46410,"14:23.2",0.75,0.112,0.267,0.885,"sitting","Resting","land","land",""
1,"1.sitting",1,"1.Resting",46411,"14:23.3",0.75,0.118,0.294,0.904,"sitting","Resting","land","land",""
1,"1.sitting",1,"1.Resting",46412,"14:23.3",0.75,0.116,0.316,0.903,"sitting","Resting","land","land",""
1,"1.sitting",1,"1.Resting",46413,"14:23.4",0.75,0.109,0.306,0.899,"sitting","Resting","land","land",""
1,"1.sitting",1,"1.Resting",46414,"14:23.4",0.75,0.092,0.297,0.912,"sitting","Resting","land","land",""
1,"1.sitting",1,"1.Resting",46415,"14:23.5",0.75,0.103,0.295,0.923,"sitting","Resting","land","land",""
1,"1.sitting",1,"1.Resting",46416,"14:23.5",0.75,0.111,0.299,0.935,"sitting","Resting","land","land",""
1,"1.sitting",1,"1.Resting",46417,"14:23.6",0.75,0.103,0.292,0.942,"sitting","Resting","land","land",""
1,"1.sitting",1,"1.Resting",46418,"14:23.6",0.75,0.101,0.285,0.937,"sitting","Resting","land","land",""
1,"1.sitting",1,"1.Resting",46419,"14:23.7",0.75,0.107,0.296,0.925,"sitting","Resting","land","land",""
1,"1.sitting",1,"1.Resting",46420,"14:23.7",0.75,0.123,0.323,0.913,"sitting","Resting","land","land",""
1,"1.sitting",1,"1.Resting",46421,"14:23.8",0.75,0.13,0.335,0.894,"sitting","Resting","land","land",""
1,"1.sitting",1,"1.Resting",46422,"14:23.8",0.75,0.127,0.329,0.908,"sitting","Resting","land","land",""
1,"1.sitting",1,"1.Resting",46423,"14:23.9",0.75,0.116,0.327,0.929,"sitting","Resting","land","land",""
1,"1.sitting",1,"1.Resting",46424,"14:23.9",0.75,0.121,0.319,0.902,"sitting","Resting","land","land",""
1,"1.sitting",1,"1.Resting",46425,"14:24.0",0.75,0.121,0.317,0.876,"sitting","Resting","land","land",""
1,"1.sitting",1,"1.Resting",46426,"14:24.0",0.75,0.118,0.313,0.869,"sitting","Resting","land","land",""
1,"1.sitting",1,"1.Resting",46427,"14:24.1",0.75,0.104,0.318,0.861,"sitting","Resting","land","land",""
1,"1.sitting",1,"1.Resting",46428,"14:24.1",0.75,0.088,0.327,0.857,"sitting","Resting","land","land",""
1,"1.sitting",1,"1.Resting",46429,"14:24.2",0.75,0.086,0.317,0.854,"sitting","Resting","land","land",""
1,"1.sitting",1,"1.Resting",46430,"14:24.2",0.75,0.081,0.309,0.868,"sitting","Resting","land","land",""
1,"1.sitting",1,"1.Resting",46431,"14:24.3",0.75,0.064,0.316,0.887,"sitting","Resting","land","land",""
1,"1.sitting",1,"1.Resting",46432,"14:24.3",0.75,0.046,0.329,0.895,"sitting","Resting","land","land",""
1,"1.sitting",1,"1.Resting",46433,"14:24.4",0.75,0.035,0.336,0.905,"sitting","Resting","land","land",""
1,"1.sitting",1,"1.Resting",46434,"14:24.4",0.75,0.021,0.336,0.91,"sitting","Resting","land","land",""
1,"1.sitting",1,"1.Resting",46435,"14:24.5",0.75,0.021,0.345,0.927,"sitting","Resting","land","land",""
1,"1.sitting",1,"1.Resting",46436,"14:24.5",0.75,0.018,0.35,0.95,"sitting","Resting","land","land",""
1,"1.sitting",1,"1.Resting",46437,"14:24.6",0.75,0.014,0.342,0.96,"sitting","Resting","land","land",""
1,"1.sitting",1,"1.Resting",46438,"14:24.6",0.75,0.007,0.341,0.957,"sitting","Resting","land","land",""
1,"1.sitting",1,"1.Resting",46439,"14:24.7",0.75,0.007,0.341,0.965,"sitting","Resting","land","land",""
1,"1.sitting",1,"1.Resting",46440,"14:24.8",0.75,0.005,0.346,0.969,"sitting","Resting","land","land",""
1,"1.sitting",1,"1.Resting",46441,"14:24.8",0.75,0.003,0.347,0.966,"sitting","Resting","land","land",""
1,"1.sitting",1,"1.Resting",46442,"14:24.8",0.75,0.001,0.346,0.962,"sitting","Resting","land","land",""
1,"1.sitting",1,"1.Resting",46443,"14:24.9",0.75,-0.01,0.35,0.971,"sitting","Resting","land","land",""
1,"1.sitting",1,"1.Resting",46444,"14:24.9",0.75,-0.027,0.36,0.986,"sitting","Resting","land","land",""
1,"1.sitting",1,"1.Resting",46445,"14:25.0",0.75,-0.044,0.37,0.994,"sitting","Resting","land","land",""
1,"1.sitting",1,"1.Resting",46446,"14:25.0",0.75,-0.053,0.39,0.999,"sitting","Resting","land","land",""
1,"1.sitting",1,"1.Resting",46447,"14:25.1",0.75,-0.048,0.402,0.998,"sitting","Resting","land","land",""
1,"1.sitting",1,"1.Resting",46448,"14:25.1",0.75,-0.025,0.403,0.982,"sitting","Resting","land","land",""
1,"1.sitting",1,"1.Resting",46449,"14:25.2",0.75,-0.015,0.382,0.934,"sitting","Resting","land","land",""
1,"1.sitting",1,"1.Resting",46450,"14:25.2",0.75,-0.033,0.377,0.889,"sitting","Resting","land","land",""
1,"1.sitting",1,"1.Resting",46451,"14:25.3",0.75,-0.044,0.37,0.866,"sitting","Resting","land","land",""
1,"1.sitting",1,"1.Resting",46452,"14:25.3",0.75,-0.051,0.37,0.858,"sitting","Resting","land","land",""
1,"1.sitting",1,"1.Resting",46453,"14:25.4",0.75,-0.07,0.388,0.895,"sitting","Resting","land","land",""
1,"1.sitting",1,"1.Resting",46454,"14:25.5",0.75,-0.094,0.425,0.935,"sitting","Resting","land","land",""
1,"1.sitting",1,"1.Resting",46455,"14:25.5",0.75,-0.109,0.453,0.96,"sitting","Resting","land","land",""
1,"1.sitting",1,"1.Resting",46456,"14:25.5",0.75,-0.106,0.455,0.957,"sitting","Resting","land","land",""
1,"1.sitting",1,"1.Resting",46457,"14:25.6",0.75,-0.08,0.438,0.936,"sitting","Resting","land","land",""
1,"1.sitting",1,"1.Resting",46458,"14:25.6",0.75,-0.06,0.411,0.906,"sitting","Resting","land","land",""
1,"1.sitting",1,"1.Resting",46459,"14:25.7",0.75,-0.045,0.385,0.863,"sitting","Resting","land","land",""
1,"1.sitting",1,"1.Resting",46460,"14:25.7",0.75,-0.045,0.371,0.84,"sitting","Resting","land","land",""
1,"1.sitting",1,"1.Resting",46461,"14:25.8",0.75,-0.046,0.367,0.84,"sitting","Resting","land","land",""
1,"1.sitting",1,"1.Resting",46462,"14:25.8",0.75,-0.054,0.364,0.839,"sitting","Resting","land","land",""
1,"1.sitting",1,"1.Resting",46463,"14:25.9",0.75,-0.06,0.366,0.84,"sitting","Resting","land","land",""
1,"1.sitting",1,"1.Resting",46464,"14:25.9",0.75,-0.064,0.373,0.841,"sitting","Resting","land","land",""
1,"1.sitting",1,"1.Resting",46465,"14:26.0",0.75,-0.065,0.388,0.861,"sitting","Resting","land","land",""
1,"1.sitting",1,"1.Resting",46466,"14:26.0",0.75,-0.072,0.398,0.882,"sitting","Resting","land","land",""
1,"1.sitting",1,"1.Resting",46467,"14:26.1",0.75,-0.075,0.412,0.891,"sitting","Resting","land","land",""
1,"1.sitting",1,"1.Resting",46468,"14:26.1",0.75,-0.078,0.415,0.904,"sitting","Resting","land","land",""
1,"1.sitting",1,"1.Resting",46469,"14:26.2",0.75,-0.082,0.424,0.932,"sitting","Resting","land","land",""
1,"1.sitting",1,"1.Resting",46470,"14:26.2",0.75,-0.083,0.431,0.94,"sitting","Resting","land","land",""
1,"1.sitting",1,"1.Resting",46471,"14:26.3",0.75,-0.09,0.437,0.949,"sitting","Resting","land","land",""
1,"1.sitting",1,"1.Resting",46472,"14:26.3",0.75,-0.094,0.443,0.962,"sitting","Resting","land","land",""
1,"1.sitting",1,"1.Resting",46473,"14:26.4",0.75,-0.094,0.443,0.961,"sitting","Resting","land","land",""
1,"1.sitting",1,"1.Resting",46474,"14:26.4",0.75,-0.092,0.441,0.957,"sitting","Resting","land","land",""
1,"1.sitting",1,"1.Resting",46475,"14:26.5",0.75,-0.098,0.443,0.965,"sitting","Resting","land","land",""
1,"1.sitting",1,"1.Resting",46476,"14:26.5",0.75,-0.103,0.451,0.974,"sitting","Resting","land","land",""
1,"1.sitting",1,"1.Resting",46477,"14:26.6",0.75,-0.125,0.465,0.979,"sitting","Resting","land","land",""
1,"1.sitting",1,"1.Resting",46478,"14:26.6",0.75,-0.13,0.468,0.976,"sitting","Resting","land","land",""
1,"1.sitting",1,"1.Resting",46479,"14:26.7",0.75,-0.134,0.476,0.958,"sitting","Resting","land","land",""
1,"1.sitting",1,"1.Resting",46480,"14:26.7",0.75,-0.12,0.47,0.944,"sitting","Resting","land","land",""
1,"1.sitting",1,"1.Resting",46481,"14:26.8",0.75,-0.1,0.454,0.918,"sitting","Resting","land","land",""
1,"1.sitting",1,"1.Resting",46482,"14:26.8",0.75,-0.071,0.416,0.881,"sitting","Resting","land","land",""
1,"1.sitting",1,"1.Resting",46483,"14:26.9",0.75,-0.068,0.384,0.855,"sitting","Resting","land","land",""
1,"1.sitting",1,"1.Resting",46484,"14:27.0",0.75,-0.088,0.387,0.852,"sitting","Resting","land","land",""
1,"1.sitting",1,"1.Resting",46485,"14:27.0",0.75,-0.115,0.418,0.887,"sitting","Resting","land","land",""
1,"1.sitting",1,"1.Resting",46486,"14:27.0",0.75,-0.135,0.452,0.935,"sitting","Resting","land","land",""
1,"1.sitting",1,"1.Resting",46487,"14:27.1",0.75,-0.124,0.468,0.947,"sitting","Resting","land","land",""
1,"1.sitting",1,"1.Resting",46488,"14:27.1",0.75,-0.102,0.456,0.921,"sitting","Resting","land","land",""
1,"1.sitting",1,"1.Resting",46489,"14:27.2",0.75,-0.076,0.428,0.897,"sitting","Resting","land","land",""
1,"1.sitting",1,"1.Resting",46490,"14:27.2",0.75,-0.059,0.398,0.86,"sitting","Resting","land","land",""
1,"1.sitting",1,"1.Resting",46491,"14:27.3",0.75,-0.053,0.381,0.831,"sitting","Resting","land","land",""
1,"1.sitting",1,"1.Resting",46492,"14:27.3",0.75,-0.058,0.376,0.828,"sitting","Resting","land","land",""
1,"1.sitting",1,"1.Resting",46493,"14:27.4",0.75,-0.07,0.381,0.832,"sitting","Resting","land","land",""
1,"1.sitting",1,"1.Resting",46494,"14:27.4",0.75,-0.075,0.388,0.845,"sitting","Resting","land","land",""
1,"1.sitting",1,"1.Resting",46495,"14:27.5",0.75,-0.076,0.394,0.854,"sitting","Resting","land","land",""
1,"1.sitting",1,"1.Resting",46496,"14:27.5",0.75,-0.076,0.395,0.862,"sitting","Resting","land","land",""
1,"1.sitting",1,"1.Resting",46497,"14:27.6",0.75,-0.077,0.399,0.875,"sitting","Resting","land","land",""
1,"1.sitting",1,"1.Resting",46498,"14:27.7",0.75,-0.077,0.402,0.877,"sitting","Resting","land","land",""
1,"1.sitting",1,"1.Resting",46499,"14:27.7",0.75,-0.076,0.399,0.868,"sitting","Resting","land","land",""
1,"1.sitting",1,"1.Resting",46500,"14:27.7",0.75,-0.074,0.393,0.867,"sitting","Resting","land","land",""
1,"1.sitting",1,"1.Resting",46501,"14:27.8",0.75,-0.076,0.392,0.874,"sitting","Resting","land","land",""
1,"1.sitting",1,"1.Resting",46502,"14:27.8",0.75,-0.077,0.393,0.873,"sitting","Resting","land","land",""
1,"1.sitting",1,"1.Resting",46503,"14:27.9",0.75,-0.079,0.388,0.866,"sitting","Resting","land","land",""
1,"1.sitting",1,"1.Resting",46504,"14:27.9",0.75,-0.085,0.387,0.865,"sitting","Resting","land","land",""
1,"1.sitting",1,"1.Resting",46505,"14:28.0",0.75,-0.082,0.392,0.868,"sitting","Resting","land","land",""
1,"1.sitting",1,"1.Resting",46506,"14:28.0",0.75,-0.082,0.391,0.868,"sitting","Resting","land","land",""
1,"1.sitting",1,"1.Resting",46507,"14:28.1",0.75,-0.092,0.395,0.875,"sitting","Resting","land","land",""
1,"1.sitting",1,"1.Resting",46508,"14:28.1",0.75,-0.101,0.405,0.899,"sitting","Resting","land","land",""
1,"1.sitting",1,"1.Resting",46509,"14:28.2",0.75,-0.122,0.419,0.929,"sitting","Resting","land","land",""
1,"1.sitting",1,"1.Resting",46510,"14:28.2",0.75,-0.137,0.438,0.954,"sitting","Resting","land","land",""
1,"1.sitting",1,"1.Resting",46511,"14:28.3",0.75,-0.141,0.45,0.965,"sitting","Resting","land","land",""
1,"1.sitting",1,"1.Resting",46512,"14:28.3",0.75,-0.125,0.46,0.961,"sitting","Resting","land","land",""
1,"1.sitting",1,"1.Resting",46513,"14:28.4",0.75,-0.104,0.453,0.937,"sitting","Resting","land","land",""
1,"1.sitting",1,"1.Resting",46514,"14:28.4",0.75,-0.071,0.429,0.9,"sitting","Resting","land","land",""
1,"1.sitting",1,"1.Resting",46515,"14:28.5",0.75,-0.049,0.397,0.86,"sitting","Resting","land","land",""
1,"1.sitting",1,"1.Resting",46516,"14:28.5",0.75,-0.045,0.375,0.833,"sitting","Resting","land","land",""
1,"1.sitting",1,"1.Resting",46517,"14:28.6",0.75,-0.051,0.363,0.826,"sitting","Resting","land","land",""
1,"1.sitting",1,"1.Resting",46518,"14:28.6",0.75,-0.069,0.365,0.84,"sitting","Resting","land","land",""
1,"1.sitting",1,"1.Resting",46519,"14:28.7",0.75,-0.083,0.387,0.868,"sitting","Resting","land","land",""
1,"1.sitting",1,"1.Resting",46520,"14:28.7",0.75,-0.104,0.417,0.898,"sitting","Resting","land","land",""
1,"1.sitting",1,"1.Resting",46521,"14:28.8",0.75,-0.129,0.447,0.938,"sitting","Resting","land","land",""
1,"1.sitting",1,"1.Resting",46522,"14:28.8",0.75,-0.141,0.474,0.968,"sitting","Resting","land","land",""
1,"1.sitting",1,"1.Resting",46523,"14:28.9",0.75,-0.134,0.486,0.96,"sitting","Resting","land","land",""
1,"1.sitting",1,"1.Resting",46524,"14:28.9",0.75,-0.091,0.472,0.925,"sitting","Resting","land","land",""
1,"1.sitting",1,"1.Resting",46525,"14:29.0",0.75,-0.052,0.429,0.879,"sitting","Resting","land","land",""
1,"1.sitting",1,"1.Resting",46526,"14:29.0",0.75,-0.087,0.417,0.875,"sitting","Resting","land","land",""
1,"1.sitting",1,"1.Resting",46527,"14:29.1",0.75,-0.106,0.438,0.894,"sitting","Resting","land","land",""
1,"1.sitting",1,"1.Resting",46528,"14:29.1",0.75,-0.109,0.428,0.878,"sitting","Resting","land","land",""
1,"1.sitting",1,"1.Resting",46529,"14:29.2",0.75,-0.137,0.442,0.892,"sitting","Resting","land","land",""
1,"1.sitting",1,"1.Resting",46530,"14:29.2",0.75,-0.125,0.441,0.883,"sitting","Resting","land","land",""
1,"1.sitting",1,"1.Resting",46531,"14:29.3",0.75,-0.128,0.432,0.882,"sitting","Resting","land","land",""
1,"1.sitting",1,"1.Resting",46532,"14:29.3",0.75,-0.143,0.436,0.877,"sitting","Resting","land","land",""
1,"1.sitting",1,"1.Resting",46533,"14:29.4",0.75,-0.132,0.441,0.876,"sitting","Resting","land","land",""
1,"1.sitting",1,"1.Resting",46534,"14:29.4",0.75,-0.142,0.441,0.881,"sitting","Resting","land","land",""
1,"1.sitting",1,"1.Resting",46535,"14:29.5",0.75,-0.15,0.456,0.891,"sitting","Resting","land","land",""
1,"1.sitting",1,"1.Resting",46536,"14:29.5",0.75,-0.144,0.452,0.871,"sitting","Resting","land","land",""
1,"1.sitting",1,"1.Resting",46537,"14:29.6",0.75,-0.137,0.448,0.865,"sitting","Resting","land","land",""
1,"1.sitting",1,"1.Resting",46538,"14:29.6",0.75,-0.142,0.451,0.872,"sitting","Resting","land","land",""
1,"1.sitting",1,"1.Resting",46539,"14:29.7",0.75,-0.149,0.453,0.883,"sitting","Resting","land","land",""
1,"1.sitting",1,"1.Resting",46540,"14:29.7",0.75,-0.144,0.449,0.88,"sitting","Resting","land","land",""
1,"1.sitting",1,"1.Resting",46541,"14:29.8",0.75,-0.134,0.456,0.873,"sitting","Resting","land","land",""
1,"1.sitting",1,"1.Resting",46542,"14:29.9",0.75,-0.138,0.449,0.862,"sitting","Resting","land","land",""
1,"1.sitting",1,"1.Resting",46543,"14:29.9",0.75,-0.139,0.437,0.854,"sitting","Resting","land","land",""
1,"1.sitting",1,"1.Resting",46544,"14:29.9",0.75,-0.145,0.446,0.874,"sitting","Resting","land","land",""
1,"1.sitting",1,"1.Resting",46545,"14:30.0",0.75,-0.142,0.457,0.892,"sitting","Resting","land","land",""
1,"1.sitting",1,"1.Resting",46546,"14:30.0",0.75,-0.14,0.455,0.892,"sitting","Resting","land","land",""
1,"1.sitting",1,"1.Resting",46547,"14:30.1",0.75,-0.144,0.446,0.894,"sitting","Resting","land","land",""
1,"1.sitting",1,"1.Resting",46548,"14:30.1",0.75,-0.141,0.44,0.892,"sitting","Resting","land","land",""
1,"1.sitting",1,"1.Resting",46549,"14:30.2",0.71,-0.137,0.434,0.893,"sitting","Resting","land","land",""
1,"1.sitting",1,"1.Resting",46550,"14:30.2",0.75,-0.124,0.433,0.89,"sitting","Resting","land","land",""
1,"1.sitting",1,"1.Resting",46551,"14:30.3",0.75,-0.138,0.432,0.896,"sitting","Resting","land","land",""
1,"1.sitting",1,"1.Resting",46552,"14:30.3",0.75,-0.138,0.425,0.886,"sitting","Resting","land","land",""
1,"1.sitting",1,"1.Resting",46553,"14:30.4",0.75,-0.143,0.422,0.872,"sitting","Resting","land","land",""
1,"1.sitting",1,"1.Resting",46554,"14:30.4",0.75,-0.124,0.426,0.871,"sitting","Resting","land","land",""
1,"1.sitting",1,"1.Resting",46555,"14:30.5",0.75,-0.116,0.432,0.878,"sitting","Resting","land","land",""
1,"1.sitting",1,"1.Resting",46556,"14:30.6",0.75,-0.122,0.435,0.884,"sitting","Resting","land","land",""
1,"1.sitting",1,"1.Resting",46557,"14:30.6",0.75,-0.126,0.43,0.883,"sitting","Resting","land","land",""
1,"1.sitting",1,"1.Resting",46558,"14:30.6",0.75,-0.132,0.427,0.883,"sitting","Resting","land","land",""
1,"1.sitting",1,"1.Resting",46559,"14:30.7",0.75,-0.127,0.423,0.893,"sitting","Resting","land","land",""
1,"1.sitting",1,"1.Resting",46560,"14:30.7",0.75,-0.124,0.416,0.898,"sitting","Resting","land","land",""
1,"1.sitting",1,"1.Resting",46561,"14:30.8",0.75,-0.119,0.403,0.875,"sitting","Resting","land","land",""
1,"1.sitting",1,"1.Resting",46562,"14:30.8",0.75,-0.114,0.409,0.851,"sitting","Resting","land","land",""
1,"1.sitting",1,"1.Resting",46563,"14:30.9",0.75,-0.114,0.429,0.863,"sitting","Resting","land","land",""
1,"1.sitting",1,"1.Resting",46564,"14:30.9",0.75,-0.109,0.447,0.87,"sitting","Resting","land","land",""
1,"1.sitting",1,"1.Resting",46565,"14:31.0",0.75,-0.11,0.445,0.875,"sitting","Resting","land","land",""
1,"1.sitting",1,"1.Resting",46566,"14:31.0",0.75,-0.114,0.434,0.884,"sitting","Resting","land","land",""
1,"1.sitting",1,"1.Resting",46567,"14:31.1",0.75,-0.124,0.431,0.899,"sitting","Resting","land","land",""
1,"1.sitting",1,"1.Resting",46568,"14:31.1",0.75,-0.121,0.437,0.899,"sitting","Resting","land","land",""
1,"1.sitting",1,"1.Resting",46569,"14:31.2",0.75,-0.11,0.435,0.894,"sitting","Resting","land","land",""
1,"1.sitting",1,"1.Resting",46570,"14:31.2",0.75,-0.127,0.425,0.906,"sitting","Resting","land","land",""
1,"1.sitting",1,"1.Resting",46571,"14:31.3",0.75,-0.14,0.402,0.913,"sitting","Resting","land","land",""
1,"1.sitting",1,"1.Resting",46572,"14:31.3",0.75,-0.136,0.388,0.911,"sitting","Resting","land","land",""
1,"1.sitting",1,"1.Resting",46573,"14:31.4",0.75,-0.133,0.393,0.899,"sitting","Resting","land","land",""
1,"1.sitting",1,"1.Resting",46574,"14:31.4",0.75,-0.131,0.41,0.91,"sitting","Resting","land","land",""
1,"1.sitting",1,"1.Resting",46575,"14:31.5",0.75,-0.111,0.435,0.916,"sitting","Resting","land","land",""
1,"1.sitting",1,"1.Resting",46576,"14:31.5",0.75,-0.097,0.456,0.906,"sitting","Resting","land","land",""
1,"1.sitting",1,"1.Resting",46577,"14:31.6",0.75,-0.102,0.435,0.904,"sitting","Resting","land","land",""
1,"1.sitting",1,"1.Resting",46578,"14:31.6",0.75,-0.119,0.412,0.914,"sitting","Resting","land","land",""
1,"1.sitting",1,"1.Resting",46579,"14:31.7",0.75,-0.116,0.385,0.909,"sitting","Resting","land","land",""
1,"1.sitting",1,"1.Resting",46580,"14:31.7",0.75,-0.099,0.377,0.874,"sitting","Resting","land","land",""
1,"1.sitting",1,"1.Resting",46581,"14:31.8",0.75,-0.098,0.393,0.891,"sitting","Resting","land","land",""
1,"1.sitting",1,"1.Resting",46582,"14:31.8",0.75,-0.098,0.429,0.918,"sitting","Resting","land","land",""
1,"1.sitting",1,"1.Resting",46583,"14:31.9",0.75,-0.098,0.439,0.878,"sitting","Resting","land","land",""
1,"1.sitting",1,"1.Resting",46584,"14:31.9",0.75,-0.113,0.417,0.872,"sitting","Resting","land","land",""
1,"1.sitting",1,"1.Resting",46585,"14:32.0",0.75,-0.122,0.387,0.895,"sitting","Resting","land","land",""
1,"1.sitting",1,"1.Resting",46586,"14:32.1",0.75,-0.121,0.377,0.917,"sitting","Resting","land","land",""
1,"1.sitting",1,"1.Resting",46587,"14:32.1",0.75,-0.116,0.382,0.913,"sitting","Resting","land","land",""
1,"1.sitting",1,"1.Resting",46588,"14:32.1",0.75,-0.123,0.386,0.877,"sitting","Resting","land","land",""
1,"1.sitting",1,"1.Resting",46589,"14:32.2",0.75,-0.154,0.392,0.849,"sitting","Resting","land","land",""
1,"1.sitting",1,"1.Resting",46590,"14:32.2",0.75,-0.172,0.41,0.848,"sitting","Resting","land","land",""
1,"1.sitting",1,"1.Resting",46591,"14:32.3",0.75,-0.157,0.438,0.816,"sitting","Resting","land","land",""
1,"1.sitting",1,"1.Resting",46592,"14:32.3",0.75,-0.187,0.435,0.823,"sitting","Resting","land","land",""
1,"1.sitting",1,"1.Resting",46593,"14:32.4",0.75,-0.211,0.461,0.894,"sitting","Resting","land","land",""
1,"1.sitting",1,"1.Resting",46594,"14:32.4",0.75,-0.235,0.46,0.89,"sitting","Resting","land","land",""
1,"1.sitting",1,"1.Resting",46595,"14:32.5",0.75,-0.222,0.475,0.855,"sitting","Resting","land","land",""
1,"1.sitting",1,"1.Resting",46596,"14:32.5",0.75,-0.239,0.493,0.829,"sitting","Resting","land","land",""
1,"1.sitting",1,"1.Resting",46597,"14:32.6",0.75,-0.256,0.478,0.869,"sitting","Resting","land","land",""
1,"1.sitting",1,"1.Resting",46598,"14:32.6",0.75,-0.262,0.456,0.882,"sitting","Resting","land","land",""
1,"1.sitting",1,"1.Resting",46599,"14:32.7",0.75,-0.254,0.468,0.914,"sitting","Resting","land","land",""
1,"1.sitting",1,"1.Resting",46600,"14:32.8",0.71,-0.239,0.461,0.89,"sitting","Resting","land","land",""
1,"1.sitting",1,"1.Resting",46601,"14:32.8",0.75,-0.247,0.438,0.835,"sitting","Resting","land","land",""
1,"1.sitting",1,"1.Resting",46602,"14:32.8",0.75,-0.266,0.444,0.806,"sitting","Resting","land","land",""
1,"1.sitting",1,"1.Resting",46603,"14:32.9",0.75,-0.246,0.447,0.76,"sitting","Resting","land","land",""
1,"1.sitting",1,"1.Resting",46604,"14:32.9",0.75,-0.247,0.473,0.826,"sitting","Resting","land","land",""
1,"1.sitting",1,"1.Resting",46605,"14:33.0",0.75,-0.26,0.437,0.834,"sitting","Resting","land","land",""
1,"1.sitting",1,"1.Resting",46606,"14:33.0",0.75,-0.256,0.439,0.872,"sitting","Resting","land","land",""
1,"1.sitting",1,"1.Resting",46607,"14:33.1",0.75,-0.226,0.467,0.884,"sitting","Resting","land","land",""
1,"1.sitting",1,"1.Resting",46608,"14:33.1",0.75,-0.218,0.466,0.869,"sitting","Resting","land","land",""
1,"1.sitting",1,"1.Resting",46609,"14:33.2",0.75,-0.24,0.486,0.95,"sitting","Resting","land","land",""
1,"1.sitting",1,"1.Resting",46610,"14:33.2",0.75,-0.223,0.486,0.889,"sitting","Resting","land","land",""
1,"1.sitting",1,"1.Resting",46611,"14:33.3",0.75,-0.239,0.47,0.876,"sitting","Resting","land","land",""
1,"1.sitting",1,"1.Resting",46612,"14:33.3",0.75,-0.221,0.474,0.92,"sitting","Resting","land","land",""
1,"1.sitting",1,"1.Resting",46613,"14:33.4",0.75,-0.246,0.444,0.928,"sitting","Resting","land","land",""
1,"1.sitting",1,"1.Resting",46614,"14:33.4",0.75,-0.248,0.45,0.873,"sitting","Resting","land","land",""
1,"1.sitting",1,"1.Resting",46615,"14:33.5",0.75,-0.257,0.469,0.895,"sitting","Resting","land","land",""
1,"1.sitting",1,"1.Resting",46616,"14:33.5",0.75,-0.212,0.471,0.836,"sitting","Resting","land","land",""
1,"1.sitting",1,"1.Resting",46617,"14:33.6",0.75,-0.214,0.449,0.86,"sitting","Resting","land","land",""
1,"1.sitting",1,"1.Resting",46618,"14:33.6",0.75,-0.247,0.421,0.853,"sitting","Resting","land","land",""
1,"1.sitting",1,"1.Resting",46619,"14:33.7",0.75,-0.267,0.44,0.925,"sitting","Resting","land","land",""
1,"1.sitting",1,"1.Resting",46620,"14:33.7",0.75,-0.244,0.445,0.89,"sitting","Resting","land","land",""
1,"1.sitting",1,"1.Resting",46621,"14:33.8",0.75,-0.221,0.418,0.878,"sitting","Resting","land","land",""
1,"1.sitting",1,"1.Resting",46622,"14:33.8",0.75,-0.212,0.412,0.891,"sitting","Resting","land","land",""
1,"1.sitting",1,"1.Resting",46623,"14:33.9",0.75,-0.201,0.426,0.893,"sitting","Resting","land","land",""
1,"1.sitting",1,"1.Resting",46624,"14:33.9",0.75,-0.194,0.428,0.852,"sitting","Resting","land","land",""
1,"1.sitting",1,"1.Resting",46625,"14:34.0",0.75,-0.187,0.418,0.851,"sitting","Resting","land","land",""
1,"1.sitting",1,"1.Resting",46626,"14:34.0",0.75,-0.209,0.417,0.872,"sitting","Resting","land","land",""
1,"1.sitting",1,"1.Resting",46627,"14:34.1",0.75,-0.202,0.426,0.878,"sitting","Resting","land","land",""
1,"1.sitting",1,"1.Resting",46628,"14:34.1",0.75,-0.181,0.426,0.881,"sitting","Resting","land","land",""
1,"1.sitting",1,"1.Resting",46629,"14:34.2",0.75,-0.179,0.42,0.879,"sitting","Resting","land","land",""
1,"1.sitting",1,"1.Resting",46630,"14:34.2",0.75,-0.173,0.405,0.84,"sitting","Resting","land","land",""
1,"1.sitting",1,"1.Resting",46631,"14:34.3",0.75,-0.18,0.398,0.82,"sitting","Resting","land","land",""
1,"1.sitting",1,"1.Resting",46632,"14:34.3",0.75,-0.18,0.402,0.856,"sitting","Resting","land","land",""
1,"1.sitting",1,"1.Resting",46633,"14:34.4",0.75,-0.167,0.393,0.879,"sitting","Resting","land","land",""
1,"1.sitting",1,"1.Resting",46634,"14:34.4",0.75,-0.166,0.404,0.865,"sitting","Resting","land","land",""
1,"1.sitting",1,"1.Resting",46635,"14:34.5",0.75,-0.148,0.401,0.866,"sitting","Resting","land","land",""
1,"1.sitting",1,"1.Resting",46636,"14:34.5",0.75,-0.142,0.39,0.889,"sitting","Resting","land","land",""
1,"1.sitting",1,"1.Resting",46637,"14:34.6",0.75,-0.127,0.394,0.937,"sitting","Resting","land","land",""
1,"1.sitting",1,"1.Resting",46638,"14:34.6",0.75,-0.12,0.397,0.949,"sitting","Resting","land","land",""
1,"1.sitting",1,"1.Resting",46639,"14:34.7",0.71,-0.137,0.396,0.915,"sitting","Resting","land","land",""
1,"1.sitting",1,"1.Resting",46640,"14:34.7",0.75,-0.137,0.412,0.936,"sitting","Resting","land","land",""
1,"1.sitting",1,"1.Resting",46641,"14:34.8",0.75,-0.113,0.409,0.939,"sitting","Resting","land","land",""
1,"1.sitting",1,"1.Resting",46642,"14:34.8",0.75,-0.125,0.378,0.902,"sitting","Resting","land","land",""
1,"1.sitting",1,"1.Resting",46643,"14:34.9",0.75,-0.154,0.404,0.919,"sitting","Resting","land","land",""
1,"1.sitting",1,"1.Resting",46644,"14:35.0",0.75,-0.118,0.434,0.917,"sitting","Resting","land","land",""
1,"1.sitting",1,"1.Resting",46645,"14:35.0",0.75,-0.127,0.425,0.846,"sitting","Resting","land","land",""
1,"1.sitting",1,"1.Resting",46646,"14:35.0",0.75,-0.089,0.428,0.879,"sitting","Resting","land","land",""
1,"1.sitting",1,"1.Resting",46647,"14:35.1",0.75,-0.09,0.421,0.933,"sitting","Resting","land","land",""
1,"1.sitting",1,"1.Resting",46648,"14:35.1",0.75,-0.09,0.433,0.936,"sitting","Resting","land","land",""
1,"1.sitting",1,"1.Resting",46649,"14:35.2",0.75,-0.114,0.443,0.979,"sitting","Resting","land","land",""
1,"1.sitting",1,"1.Resting",46650,"14:35.2",0.75,-0.07,0.452,0.991,"sitting","Resting","land","land",""
1,"1.sitting",1,"1.Resting",46651,"14:35.3",0.75,-0.061,0.382,0.911,"sitting","Resting","land","land",""
1,"1.sitting",1,"1.Resting",46652,"14:35.3",0.75,-0.03,0.393,0.946,"sitting","Resting","land","land",""
1,"1.sitting",1,"1.Resting",46653,"14:35.4",0.75,-0.054,0.411,0.948,"sitting","Resting","land","land",""
1,"1.sitting",1,"1.Resting",46654,"14:35.4",0.75,-0.072,0.402,0.907,"sitting","Resting","land","land",""
1,"1.sitting",1,"1.Resting",46655,"14:35.5",0.75,-0.05,0.417,0.962,"sitting","Resting","land","land",""
1,"1.sitting",1,"1.Resting",46656,"14:35.5",0.75,-0.032,0.398,0.913,"sitting","Resting","land","land",""
1,"1.sitting",1,"1.Resting",46657,"14:35.6",0.75,-0.047,0.355,0.908,"sitting","Resting","land","land",""
1,"1.sitting",1,"1.Resting",46658,"14:35.6",0.75,-0.06,0.388,0.994,"sitting","Resting","land","land",""
1,"1.sitting",1,"1.Resting",46659,"14:35.7",0.75,-0.05,0.401,0.932,"sitting","Resting","land","land",""
1,"1.sitting",1,"1.Resting",46660,"14:35.7",0.75,-0.029,0.385,0.84,"sitting","Resting","land","land",""
1,"1.sitting",1,"1.Resting",46661,"14:35.8",0.75,-0.035,0.392,0.924,"sitting","Resting","land","land",""
1,"1.sitting",1,"1.Resting",46662,"14:35.8",0.75,-0.038,0.396,0.96,"sitting","Resting","land","land",""
1,"1.sitting",1,"1.Resting",46663,"14:35.9",0.75,-0.039,0.4,0.938,"sitting","Resting","land","land",""
1,"1.sitting",1,"1.Resting",46664,"14:35.9",0.75,-0.024,0.438,0.934,"sitting","Resting","land","land",""
1,"1.sitting",1,"1.Resting",46665,"14:36.0",0.75,-0.016,0.451,0.918,"sitting","Resting","land","land",""
1,"1.sitting",1,"1.Resting",46666,"14:36.0",0.75,-0.007,0.451,0.937,"sitting","Resting","land","land",""
1,"1.sitting",1,"1.Resting",46667,"14:36.1",0.75,-0.002,0.447,0.901,"sitting","Resting","land","land",""
1,"1.sitting",1,"1.Resting",46668,"14:36.1",0.75,-0.009,0.453,0.896,"sitting","Resting","land","land",""
1,"1.sitting",1,"1.Resting",46669,"14:36.2",0.75,-0.001,0.451,0.885,"sitting","Resting","land","land",""
1,"1.sitting",1,"1.Resting",46670,"14:36.2",0.75,-0.035,0.436,0.924,"sitting","Resting","land","land",""
1,"1.sitting",1,"1.Resting",46671,"14:36.3",0.75,-0.028,0.449,0.868,"sitting","Resting","land","land",""
1,"1.sitting",1,"1.Resting",46672,"14:36.3",0.75,0.011,0.451,0.826,"sitting","Resting","land","land",""
1,"1.sitting",1,"1.Resting",46673,"14:36.4",0.75,0.029,0.519,0.877,"sitting","Resting","land","land",""
1,"1.sitting",1,"1.Resting",46674,"14:36.4",0.75,0.008,0.523,0.851,"sitting","Resting","land","land",""
1,"1.sitting",1,"1.Resting",46675,"14:36.5",0.75,0.017,0.519,0.885,"sitting","Resting","land","land",""
1,"1.sitting",1,"1.Resting",46676,"14:36.5",0.75,0.02,0.51,0.949,"sitting","Resting","land","land",""
1,"1.sitting",1,"1.Resting",46677,"14:36.6",0.75,0.01,0.465,0.915,"sitting","Resting","land","land",""
1,"1.sitting",1,"1.Resting",46678,"14:36.6",0.75,-0.004,0.432,0.868,"sitting","Resting","land","land",""
1,"1.sitting",1,"1.Resting",46679,"14:36.7",0.75,0.02,0.418,0.838,"sitting","Resting","land","land",""
1,"1.sitting",1,"1.Resting",46680,"14:36.7",0.75,0.027,0.436,0.871,"sitting","Resting","land","land",""
1,"1.sitting",1,"1.Resting",46681,"14:36.8",0.75,0.019,0.441,0.842,"sitting","Resting","land","land",""
1,"1.sitting",1,"1.Resting",46682,"14:36.8",0.75,0.017,0.476,0.853,"sitting","Resting","land","land",""
1,"1.sitting",1,"1.Resting",46683,"14:36.9",0.75,0.034,0.488,0.877,"sitting","Resting","land","land",""
1,"1.sitting",1,"1.Resting",46684,"14:36.9",0.75,0.019,0.496,0.883,"sitting","Resting","land","land",""
1,"1.sitting",1,"1.Resting",46685,"14:37.0",0.75,0.016,0.476,0.828,"sitting","Resting","land","land",""
1,"1.sitting",1,"1.Resting",46686,"14:37.0",0.75,-0.002,0.455,0.818,"sitting","Resting","land","land",""
1,"1.sitting",1,"1.Resting",46687,"14:37.1",0.75,0.008,0.471,0.886,"sitting","Resting","land","land",""
1,"1.sitting",1,"1.Resting",46688,"14:37.2",0.75,0.049,0.492,0.889,"sitting","Resting","land","land",""
1,"1.sitting",1,"1.Resting",46689,"14:37.2",0.75,0.022,0.453,0.836,"sitting","Resting","land","land",""
1,"1.sitting",1,"1.Resting",46690,"14:37.2",0.75,0.033,0.466,0.822,"sitting","Resting","land","land",""
1,"1.sitting",1,"1.Resting",46691,"14:37.3",0.75,0.051,0.486,0.848,"sitting","Resting","land","land",""
1,"1.sitting",1,"1.Resting",46692,"14:37.3",0.75,0.053,0.506,0.835,"sitting","Resting","land","land",""
1,"1.sitting",1,"1.Resting",46693,"14:37.4",0.75,0.075,0.532,0.87,"sitting","Resting","land","land",""
1,"1.sitting",1,"1.Resting",46694,"14:37.4",0.75,0.062,0.531,0.88,"sitting","Resting","land","land",""
1,"1.sitting",1,"1.Resting",46695,"14:37.5",0.75,0.064,0.56,0.878,"sitting","Resting","land","land",""
1,"1.sitting",1,"1.Resting",46696,"14:37.5",0.75,0.058,0.531,0.826,"sitting","Resting","land","land",""
1,"1.sitting",1,"1.Resting",46697,"14:37.6",0.75,0.08,0.559,0.858,"sitting","Resting","land","land",""
1,"1.sitting",1,"1.Resting",46698,"14:37.6",0.75,0.087,0.575,0.854,"sitting","Resting","land","land",""
1,"1.sitting",1,"1.Resting",46699,"14:37.7",0.75,0.117,0.571,0.828,"sitting","Resting","land","land",""
1,"1.sitting",1,"1.Resting",46700,"14:37.7",0.75,0.124,0.55,0.852,"sitting","Resting","land","land",""
1,"1.sitting",1,"1.Resting",46701,"14:37.8",0.75,0.107,0.55,0.847,"sitting","Resting","land","land",""
1,"1.sitting",1,"1.Resting",46702,"14:37.9",0.75,0.119,0.561,0.829,"sitting","Resting","land","land",""
1,"1.sitting",1,"1.Resting",46703,"14:37.9",0.75,0.115,0.563,0.826,"sitting","Resting","land","land",""
1,"1.sitting",1,"1.Resting",46704,"14:37.9",0.75,0.124,0.581,0.848,"sitting","Resting","land","land",""
1,"1.sitting",1,"1.Resting",46705,"14:38.0",0.75,0.118,0.546,0.826,"sitting","Resting","land","land",""
1,"1.sitting",1,"1.Resting",46706,"14:38.0",0.75,0.129,0.559,0.824,"sitting","Resting","land","land",""
1,"1.sitting",1,"1.Resting",46707,"14:38.1",0.75,0.113,0.541,0.813,"sitting","Resting","land","land",""
1,"1.sitting",1,"1.Resting",46708,"14:38.1",0.75,0.101,0.553,0.813,"sitting","Resting","land","land",""
1,"1.sitting",1,"1.Resting",46709,"14:38.2",0.75,0.127,0.572,0.818,"sitting","Resting","land","land",""
1,"1.sitting",1,"1.Resting",46710,"14:38.2",0.75,0.139,0.56,0.79,"sitting","Resting","land","land",""
1,"1.sitting",1,"1.Resting",46711,"14:38.3",0.75,0.162,0.531,0.715,"sitting","Resting","land","land",""
1,"1.sitting",1,"1.Resting",46712,"14:38.3",0.71,0.169,0.591,0.755,"sitting","Resting","land","land",""
1,"1.sitting",1,"1.Resting",46713,"14:38.4",0.75,0.164,0.648,0.837,"sitting","Resting","land","land",""
1,"1.sitting",1,"1.Resting",46714,"14:38.4",0.75,0.147,0.634,0.864,"sitting","Resting","land","land",""
1,"1.sitting",1,"1.Resting",46715,"14:38.5",0.75,0.151,0.628,0.84,"sitting","Resting","land","land",""
1,"1.sitting",1,"1.Resting",46716,"14:38.5",0.75,0.169,0.606,0.82,"sitting","Resting","land","land",""
1,"1.sitting",1,"1.Resting",46717,"14:38.6",0.75,0.181,0.612,0.805,"sitting","Resting","land","land",""
1,"1.sitting",1,"1.Resting",46718,"14:38.6",0.75,0.167,0.624,0.822,"sitting","Resting","land","land",""
1,"1.sitting",1,"1.Resting",46719,"14:38.7",0.75,0.145,0.619,0.851,"sitting","Resting","land","land",""
1,"1.sitting",1,"1.Resting",46720,"14:38.7",0.71,0.154,0.606,0.801,"sitting","Resting","land","land",""
1,"1.sitting",1,"1.Resting",46721,"14:38.8",0.75,0.159,0.607,0.766,"sitting","Resting","land","land",""
1,"1.sitting",1,"1.Resting",46722,"14:38.8",0.75,0.142,0.62,0.844,"sitting","Resting","land","land",""
1,"1.sitting",1,"1.Resting",46723,"14:38.9",0.75,0.108,0.575,0.764,"sitting","Resting","land","land",""
1,"1.sitting",1,"1.Resting",46724,"14:38.9",0.75,0.135,0.623,0.82,"sitting","Resting","land","land",""
1,"1.sitting",1,"1.Resting",46725,"14:39.0",0.75,0.12,0.666,0.934,"sitting","Resting","land","land",""
1,"1.sitting",1,"1.Resting",46726,"14:39.0",0.75,0.115,0.611,0.897,"sitting","Resting","land","land",""
1,"1.sitting",1,"1.Resting",46727,"14:39.1",0.75,0.111,0.614,0.835,"sitting","Resting","land","land",""
1,"1.sitting",1,"1.Resting",46728,"14:39.1",0.75,0.119,0.602,0.844,"sitting","Resting","land","land",""
1,"1.sitting",1,"1.Resting",46729,"14:39.2",0.75,0.115,0.583,0.832,"sitting","Resting","land","land",""
1,"1.sitting",1,"1.Resting",46730,"14:39.2",0.75,0.097,0.604,0.815,"sitting","Resting","land","land",""
1,"1.sitting",1,"1.Resting",46731,"14:39.3",0.75,0.097,0.628,0.854,"sitting","Resting","land","land",""
1,"1.sitting",1,"1.Resting",46732,"14:39.3",0.75,0.079,0.612,0.811,"sitting","Resting","land","land",""
1,"1.sitting",1,"1.Resting",46733,"14:39.4",0.75,0.083,0.62,0.802,"sitting","Resting","land","land",""
1,"1.sitting",1,"1.Resting",46734,"14:39.4",0.75,0.104,0.589,0.762,"sitting","Resting","land","land",""
1,"1.sitting",1,"1.Resting",46735,"14:39.5",0.75,0.113,0.625,0.792,"sitting","Resting","land","land",""
1,"1.sitting",1,"1.Resting",46736,"14:39.5",0.75,0.116,0.64,0.821,"sitting","Resting","land","land",""
1,"1.sitting",1,"1.Resting",46737,"14:39.6",0.75,0.104,0.62,0.83,"sitting","Resting","land","land",""
1,"1.sitting",1,"1.Resting",46738,"14:39.6",0.75,0.089,0.635,0.834,"sitting","Resting","land","land",""
1,"1.sitting",1,"1.Resting",46739,"14:39.7",0.75,0.054,0.634,0.85,"sitting","Resting","land","land",""
1,"1.sitting",1,"1.Resting",46740,"14:39.7",0.75,0.06,0.623,0.83,"sitting","Resting","land","land",""
1,"1.sitting",1,"1.Resting",46741,"14:39.8",0.75,0.092,0.627,0.799,"sitting","Resting","land","land",""
1,"1.sitting",1,"1.Resting",46742,"14:39.8",0.75,0.1,0.617,0.813,"sitting","Resting","land","land",""
1,"1.sitting",1,"1.Resting",46743,"14:39.9",0.75,0.093,0.606,0.815,"sitting","Resting","land","land",""
1,"1.sitting",1,"1.Resting",46744,"14:39.9",0.75,0.097,0.596,0.771,"sitting","Resting","land","land",""
1,"1.sitting",1,"1.Resting",46745,"14:40.0",0.75,0.087,0.625,0.797,"sitting","Resting","land","land",""
1,"1.sitting",1,"1.Resting",46746,"14:40.1",0.75,0.093,0.599,0.786,"sitting","Resting","land","land",""
1,"1.sitting",1,"1.Resting",46747,"14:40.1",0.75,0.103,0.618,0.765,"sitting","Resting","land","land",""
1,"1.sitting",1,"1.Resting",46748,"14:40.1",0.75,0.07,0.615,0.742,"sitting","Resting","land","land",""
1,"1.sitting",1,"1.Resting",46749,"14:40.2",0.75,0.069,0.619,0.801,"sitting","Resting","land","land",""
1,"1.sitting",1,"1.Resting",46750,"14:40.2",0.75,0.079,0.619,0.825,"sitting","Resting","land","land",""
1,"1.sitting",1,"1.Resting",46751,"14:40.3",0.75,0.087,0.609,0.832,"sitting","Resting","land","land",""
1,"1.sitting",1,"1.Resting",46752,"14:40.3",0.75,0.084,0.586,0.814,"sitting","Resting","land","land",""
1,"1.sitting",1,"1.Resting",46753,"14:40.4",0.71,0.081,0.593,0.804,"sitting","Resting","land","land",""
1,"1.sitting",1,"1.Resting",46754,"14:40.4",0.75,0.07,0.596,0.797,"sitting","Resting","land","land",""
1,"1.sitting",1,"1.Resting",46755,"14:40.5",0.75,0.076,0.608,0.803,"sitting","Resting","land","land",""
1,"1.sitting",1,"1.Resting",46756,"14:40.5",0.75,0.069,0.64,0.819,"sitting","Resting","land","land",""
1,"1.sitting",1,"1.Resting",46757,"14:40.6",0.75,0.065,0.64,0.844,"sitting","Resting","land","land",""
1,"1.sitting",1,"1.Resting",46758,"14:40.6",0.75,0.076,0.621,0.804,"sitting","Resting","land","land",""
1,"1.sitting",1,"1.Resting",46759,"14:40.7",0.75,0.052,0.587,0.735,"sitting","Resting","land","land",""
1,"1.sitting",1,"1.Resting",46760,"14:40.7",0.75,0.057,0.61,0.77,"sitting","Resting","land","land",""
1,"1.sitting",1,"1.Resting",46761,"14:40.8",0.75,0.076,0.631,0.821,"sitting","Resting","land","land",""
1,"1.sitting",1,"1.Resting",46762,"14:40.8",0.75,0.081,0.628,0.814,"sitting","Resting","land","land",""
1,"1.sitting",1,"1.Resting",46763,"14:40.9",0.75,0.06,0.635,0.83,"sitting","Resting","land","land",""
1,"1.sitting",1,"1.Resting",46764,"14:40.9",0.75,0.035,0.631,0.808,"sitting","Resting","land","land",""
1,"1.sitting",1,"1.Resting",46765,"14:41.0",0.75,0.022,0.643,0.776,"sitting","Resting","land","land",""
1,"1.sitting",1,"1.Resting",46766,"14:41.0",0.75,0.018,0.658,0.817,"sitting","Resting","land","land",""
1,"1.sitting",1,"1.Resting",46767,"14:41.1",0.75,0.011,0.647,0.812,"sitting","Resting","land","land",""
1,"1.moving",2,"2.Travelling",46768,"14:41.1",0.75,0.009,0.691,0.825,"moving","Travelling","land","land","moving"
1,"1.moving",2,"2.Travelling",46769,"14:41.2",0.75,-0.014,0.705,0.787,"moving","Travelling","land","land",""
1,"1.moving",2,"2.Travelling",46770,"14:41.2",0.75,-0.008,0.716,0.761,"moving","Travelling","land","land",""
1,"1.moving",2,"2.Travelling",46771,"14:41.3",0.75,0.009,0.691,0.752,"moving","Travelling","land","land",""
1,"1.moving",2,"2.Travelling",46772,"14:41.3",0.75,0.015,0.642,0.706,"moving","Travelling","land","land",""
1,"1.moving",2,"2.Travelling",46773,"14:41.4",0.75,-0.023,0.632,0.738,"moving","Travelling","land","land",""
1,"1.moving",2,"2.Travelling",46774,"14:41.4",0.75,-0.034,0.633,0.824,"moving","Travelling","land","land",""
1,"1.moving",2,"2.Travelling",46775,"14:41.5",0.75,-0.07,0.606,0.82,"moving","Travelling","land","land",""
1,"1.moving",2,"2.Travelling",46776,"14:41.5",0.75,-0.028,0.586,0.772,"moving","Travelling","land","land",""
1,"1.moving",2,"2.Travelling",46777,"14:41.6",0.75,-0.029,0.583,0.799,"moving","Travelling","land","land",""
1,"1.moving",2,"2.Travelling",46778,"14:41.6",0.75,-0.035,0.598,0.794,"moving","Travelling","land","land",""
1,"1.moving",2,"2.Travelling",46779,"14:41.7",0.75,-0.051,0.651,0.824,"moving","Travelling","land","land",""
1,"1.moving",2,"2.Travelling",46780,"14:41.7",0.75,-0.06,0.605,0.786,"moving","Travelling","land","land",""
1,"1.moving",2,"2.Travelling",46781,"14:41.8",0.75,-0.084,0.532,0.7,"moving","Travelling","land","land",""
1,"1.moving",2,"2.Travelling",46782,"14:41.8",0.75,-0.094,0.538,0.772,"moving","Travelling","land","land",""
1,"1.moving",2,"2.Travelling",46783,"14:41.9",0.75,-0.052,0.535,0.803,"moving","Travelling","land","land",""
1,"1.moving",2,"2.Travelling",46784,"14:41.9",0.75,-0.071,0.509,0.808,"moving","Travelling","land","land",""
1,"1.moving",2,"2.Travelling",46785,"14:42.0",0.75,-0.07,0.509,0.812,"moving","Travelling","land","land",""
1,"1.moving",2,"2.Travelling",46786,"14:42.0",0.71,-0.058,0.558,0.891,"moving","Travelling","land","land",""
1,"1.moving",2,"2.Travelling",46787,"14:42.1",0.75,-0.06,0.559,0.862,"moving","Travelling","land","land",""
1,"1.moving",2,"2.Travelling",46788,"14:42.1",0.75,-0.081,0.601,0.82,"moving","Travelling","land","land",""
1,"1.moving",2,"2.Travelling",46789,"14:42.2",0.75,-0.104,0.606,0.748,"moving","Travelling","land","land",""
1,"1.moving",2,"2.Travelling",46790,"14:42.3",0.75,-0.181,0.635,0.739,"moving","Travelling","land","land",""
1,"1.moving",2,"2.Travelling",46791,"14:42.3",0.75,-0.205,0.639,0.752,"moving","Travelling","land","land",""
1,"1.moving",2,"2.Travelling",46792,"14:42.3",0.75,-0.191,0.632,0.744,"moving","Travelling","land","land",""
1,"1.moving",2,"2.Travelling",46793,"14:42.4",0.75,-0.135,0.696,0.774,"moving","Travelling","land","land",""
1,"1.moving",2,"2.Travelling",46794,"14:42.4",0.75,-0.147,0.731,0.762,"moving","Travelling","land","land",""
1,"1.moving",2,"2.Travelling",46795,"14:42.5",0.75,-0.188,0.734,0.727,"moving","Travelling","land","land",""
1,"1.moving",2,"2.Travelling",46796,"14:42.5",0.75,-0.196,0.733,0.667,"moving","Travelling","land","land",""
1,"1.moving",2,"2.Travelling",46797,"14:42.6",0.75,-0.216,0.747,0.665,"moving","Travelling","land","land",""
1,"1.moving",2,"2.Travelling",46798,"14:42.6",0.75,-0.263,0.723,0.637,"moving","Travelling","land","land",""
1,"1.moving",2,"2.Travelling",46799,"14:42.7",0.75,-0.283,0.718,0.664,"moving","Travelling","land","land",""
1,"1.moving",2,"2.Travelling",46800,"14:42.7",0.75,-0.278,0.745,0.646,"moving","Travelling","land","land",""
1,"1.moving",2,"2.Travelling",46801,"14:42.8",0.75,-0.235,0.763,0.699,"moving","Travelling","land","land",""
1,"1.moving",2,"2.Travelling",46802,"14:42.8",0.75,-0.203,0.729,0.712,"moving","Travelling","land","land",""
1,"1.moving",2,"2.Travelling",46803,"14:42.9",0.75,-0.185,0.666,0.739,"moving","Travelling","land","land",""
1,"1.moving",2,"2.Travelling",46804,"14:43.0",0.75,-0.174,0.647,0.793,"moving","Travelling","land","land",""
1,"1.moving",2,"2.Travelling",46805,"14:43.0",0.75,-0.162,0.631,0.85,"moving","Travelling","land","land",""
1,"1.moving",2,"2.Travelling",46806,"14:43.0",0.75,-0.148,0.57,0.856,"moving","Travelling","land","land",""
1,"1.moving",2,"2.Travelling",46807,"14:43.1",0.75,-0.122,0.521,0.892,"moving","Travelling","land","land",""
1,"1.moving",2,"2.Travelling",46808,"14:43.1",0.75,-0.114,0.502,0.887,"moving","Travelling","land","land",""
1,"1.moving",2,"2.Travelling",46809,"14:43.2",0.75,-0.093,0.498,0.87,"moving","Travelling","land","land",""
1,"1.moving",2,"2.Travelling",46810,"14:43.2",0.75,-0.086,0.498,0.884,"moving","Travelling","land","land",""
1,"1.moving",2,"2.Travelling",46811,"14:43.3",0.75,-0.085,0.491,0.882,"moving","Travelling","land","land",""
1,"1.moving",2,"2.Travelling",46812,"14:43.3",0.75,-0.064,0.499,0.869,"moving","Travelling","land","land",""
1,"1.moving",2,"2.Travelling",46813,"14:43.4",0.75,-0.053,0.483,0.811,"moving","Travelling","land","land",""
1,"1.moving",2,"2.Travelling",46814,"14:43.4",0.75,-0.054,0.455,0.821,"moving","Travelling","land","land",""
1,"1.moving",2,"2.Travelling",46815,"14:43.5",0.75,-0.075,0.455,0.857,"moving","Travelling","land","land",""
1,"1.moving",2,"2.Travelling",46816,"14:43.5",0.75,-0.071,0.457,0.874,"moving","Travelling","land","land",""
1,"1.moving",2,"2.Travelling",46817,"14:43.6",0.75,-0.088,0.434,0.865,"moving","Travelling","land","land",""
1,"1.moving",2,"2.Travelling",46818,"14:43.6",0.75,-0.094,0.424,0.858,"moving","Travelling","land","land",""
1,"1.moving",2,"2.Travelling",46819,"14:43.7",0.75,-0.112,0.452,0.886,"moving","Travelling","land","land",""
1,"1.moving",2,"2.Travelling",46820,"14:43.7",0.75,-0.106,0.473,0.906,"moving","Travelling","land","land",""
1,"1.moving",2,"2.Travelling",46821,"14:43.8",0.75,-0.087,0.453,0.899,"moving","Travelling","land","land",""
1,"1.moving",2,"2.Travelling",46822,"14:43.8",0.75,-0.12,0.42,0.869,"moving","Travelling","land","land",""
1,"1.moving",2,"2.Travelling",46823,"14:43.9",0.75,-0.131,0.414,0.88,"moving","Travelling","land","land",""
1,"1.moving",2,"2.Travelling",46824,"14:43.9",0.75,-0.128,0.396,0.868,"moving","Travelling","land","land",""
1,"1.moving",2,"2.Travelling",46825,"14:44.0",0.75,-0.164,0.371,0.887,"moving","Travelling","land","land",""
1,"1.moving",2,"2.Travelling",46826,"14:44.0",0.75,-0.18,0.379,0.921,"moving","Travelling","land","land",""
1,"1.moving",2,"2.Travelling",46827,"14:44.1",0.75,-0.186,0.434,0.918,"moving","Travelling","land","land",""
1,"1.moving",2,"2.Travelling",46828,"14:44.1",0.75,-0.183,0.426,0.918,"moving","Travelling","land","land",""
1,"1.moving",2,"2.Travelling",46829,"14:44.2",0.75,-0.207,0.439,0.864,"moving","Travelling","land","land",""
1,"1.moving",2,"2.Travelling",46830,"14:44.2",0.75,-0.183,0.414,0.871,"moving","Travelling","land","land",""
1,"1.moving",2,"2.Travelling",46831,"14:44.3",0.75,-0.177,0.278,0.832,"moving","Travelling","land","land",""
1,"1.moving",2,"2.Travelling",46832,"14:44.3",0.75,-0.19,0.304,0.737,"moving","Travelling","land","land",""
1,"1.moving",2,"2.Travelling",46833,"14:44.4",0.75,-0.213,0.427,0.841,"moving","Travelling","land","land",""
1,"1.moving",2,"2.Travelling",46834,"14:44.4",0.75,-0.174,0.461,0.974,"moving","Travelling","land","land",""
1,"1.moving",2,"2.Travelling",46835,"14:44.5",0.75,-0.234,0.403,0.906,"moving","Travelling","land","land",""
1,"1.moving",2,"2.Travelling",46836,"14:44.5",0.75,-0.233,0.404,0.953,"moving","Travelling","land","land",""
1,"1.moving",2,"2.Travelling",46837,"14:44.6",0.75,-0.218,0.389,0.896,"moving","Travelling","land","land",""
1,"1.moving",2,"2.Travelling",46838,"14:44.6",0.75,-0.22,0.403,0.854,"moving","Travelling","land","land",""
1,"1.moving",2,"2.Travelling",46839,"14:44.7",0.75,-0.223,0.415,0.857,"moving","Travelling","land","land",""
1,"1.moving",2,"2.Travelling",46840,"14:44.7",0.75,-0.209,0.386,0.779,"moving","Travelling","land","land",""
1,"1.moving",2,"2.Travelling",46841,"14:44.8",0.75,-0.161,0.38,0.769,"moving","Travelling","land","land",""
1,"1.moving",2,"2.Travelling",46842,"14:44.8",0.75,-0.198,0.448,0.901,"moving","Travelling","land","land",""
1,"1.moving",2,"2.Travelling",46843,"14:44.9",0.75,-0.187,0.478,0.957,"moving","Travelling","land","land",""
1,"1.moving",2,"2.Travelling",46844,"14:44.9",0.75,-0.179,0.443,0.855,"moving","Travelling","land","land",""
1,"1.moving",2,"2.Travelling",46845,"14:45.0",0.75,-0.208,0.485,0.915,"moving","Travelling","land","land",""
1,"1.moving",2,"2.Travelling",46846,"14:45.0",0.75,-0.231,0.502,0.951,"moving","Travelling","land","land",""
1,"1.moving",2,"2.Travelling",46847,"14:45.1",0.75,-0.214,0.49,0.932,"moving","Travelling","land","land",""
1,"1.moving",2,"2.Travelling",46848,"14:45.2",0.75,-0.191,0.447,0.897,"moving","Travelling","land","land",""
1,"1.moving",2,"2.Travelling",46849,"14:45.2",0.75,-0.203,0.419,0.889,"moving","Travelling","land","land",""
1,"1.moving",2,"2.Travelling",46850,"14:45.2",0.75,-0.201,0.437,0.874,"moving","Travelling","land","land",""
1,"1.moving",2,"2.Travelling",46851,"14:45.3",0.75,-0.214,0.369,0.833,"moving","Travelling","land","land",""
1,"1.moving",2,"2.Travelling",46852,"14:45.3",0.75,-0.214,0.389,0.825,"moving","Travelling","land","land",""
1,"1.moving",2,"2.Travelling",46853,"14:45.4",0.75,-0.228,0.447,0.889,"moving","Travelling","land","land",""
1,"1.moving",2,"2.Travelling",46854,"14:45.4",0.75,-0.195,0.465,0.848,"moving","Travelling","land","land",""
1,"1.moving",2,"2.Travelling",46855,"14:45.5",0.75,-0.187,0.451,0.846,"moving","Travelling","land","land",""
1,"1.moving",2,"2.Travelling",46856,"14:45.5",0.75,-0.207,0.469,0.899,"moving","Travelling","land","land",""
1,"1.moving",2,"2.Travelling",46857,"14:45.6",0.75,-0.191,0.462,0.932,"moving","Travelling","land","land",""
1,"1.moving",2,"2.Travelling",46858,"14:45.6",0.75,-0.165,0.457,0.92,"moving","Travelling","land","land",""
1,"1.moving",2,"2.Travelling",46859,"14:45.7",0.75,-0.179,0.393,0.874,"moving","Travelling","land","land",""
1,"1.moving",2,"2.Travelling",46860,"14:45.7",0.75,-0.19,0.365,0.878,"moving","Travelling","land","land",""
1,"1.moving",2,"2.Travelling",46861,"14:45.8",0.75,-0.179,0.373,0.882,"moving","Travelling","land","land",""
1,"1.moving",2,"2.Travelling",46862,"14:45.8",0.75,-0.154,0.36,0.836,"moving","Travelling","land","land",""
1,"1.moving",2,"2.Travelling",46863,"14:45.9",0.75,-0.156,0.401,0.895,"moving","Travelling","land","land",""
1,"1.moving",2,"2.Travelling",46864,"14:45.9",0.75,-0.153,0.404,0.897,"moving","Travelling","land","land",""
1,"1.moving",2,"2.Travelling",46865,"14:46.0",0.75,-0.151,0.421,0.917,"moving","Travelling","land","land",""
1,"1.moving",2,"2.Travelling",46866,"14:46.0",0.75,-0.157,0.414,0.941,"moving","Travelling","land","land",""
2,"2.sitting",3,"3.Resting",46867,"14:46.1",0.75,-0.148,0.381,0.902,"sitting","Resting","land","land","sitting"
2,"2.sitting",3,"3.Resting",46868,"14:46.1",0.75,-0.157,0.372,0.899,"sitting","Resting","land","land",""
2,"2.sitting",3,"3.Resting",46869,"14:46.2",0.75,-0.143,0.389,0.911,"sitting","Resting","land","land",""
2,"2.sitting",3,"3.Resting",46870,"14:46.2",0.75,-0.134,0.363,0.906,"sitting","Resting","land","land",""
2,"2.sitting",3,"3.Resting",46871,"14:46.3",0.75,-0.148,0.366,0.903,"sitting","Resting","land","land",""
2,"2.sitting",3,"3.Resting",46872,"14:46.3",0.75,-0.129,0.396,0.92,"sitting","Resting","land","land",""
2,"2.sitting",3,"3.Resting",46873,"14:46.4",0.75,-0.113,0.354,0.888,"sitting","Resting","land","land",""
2,"2.sitting",3,"3.Resting",46874,"14:46.4",0.75,-0.125,0.349,0.887,"sitting","Resting","land","land",""
2,"2.sitting",3,"3.Resting",46875,"14:46.5",0.75,-0.139,0.371,0.904,"sitting","Resting","land","land",""
2,"2.sitting",3,"3.Resting",46876,"14:46.5",0.75,-0.123,0.359,0.914,"sitting","Resting","land","land",""
2,"2.sitting",3,"3.Resting",46877,"14:46.6",0.75,-0.124,0.339,0.899,"sitting","Resting","land","land",""
2,"2.sitting",3,"3.Resting",46878,"14:46.6",0.75,-0.14,0.357,0.92,"sitting","Resting","land","land",""
2,"2.sitting",3,"3.Resting",46879,"14:46.7",0.75,-0.136,0.389,0.943,"sitting","Resting","land","land",""
2,"2.sitting",3,"3.Resting",46880,"14:46.7",0.75,-0.117,0.43,0.95,"sitting","Resting","land","land",""
2,"2.sitting",3,"3.Resting",46881,"14:46.8",0.75,-0.109,0.436,0.926,"sitting","Resting","land","land",""
2,"2.sitting",3,"3.Resting",46882,"14:46.8",0.75,-0.111,0.445,0.908,"sitting","Resting","land","land",""
2,"2.sitting",3,"3.Resting",46883,"14:46.9",0.75,-0.088,0.441,0.901,"sitting","Resting","land","land",""
2,"2.sitting",3,"3.Resting",46884,"14:46.9",0.75,-0.087,0.45,0.941,"sitting","Resting","land","land",""
2,"2.sitting",3,"3.Resting",46885,"14:47.0",0.75,-0.095,0.454,0.932,"sitting","Resting","land","land",""
2,"2.sitting",3,"3.Resting",46886,"14:47.0",0.75,-0.079,0.426,0.901,"sitting","Resting","land","land",""
2,"2.sitting",3,"3.Resting",46887,"14:47.1",0.75,-0.051,0.433,0.884,"sitting","Resting","land","land",""
2,"2.sitting",3,"3.Resting",46888,"14:47.1",0.75,-0.082,0.443,0.883,"sitting","Resting","land","land",""
2,"2.moving",4,"4.Travelling",46889,"14:47.2",0.75,-0.059,0.43,0.889,"moving","Travelling","land","land","moving"
2,"2.moving",4,"4.Travelling",46890,"14:47.2",0.75,-0.083,0.422,0.905,"moving","Travelling","land","land",""
2,"2.moving",4,"4.Travelling",46891,"14:47.3",0.71,-0.094,0.412,0.918,"moving","Travelling","land","land",""
2,"2.moving",4,"4.Travelling",46892,"14:47.4",0.75,-0.105,0.402,0.901,"moving","Travelling","land","land",""
2,"2.moving",4,"4.Travelling",46893,"14:47.4",0.75,-0.108,0.401,0.893,"moving","Travelling","land","land",""
2,"2.moving",4,"4.Travelling",46894,"14:47.4",0.75,-0.1,0.393,0.87,"moving","Travelling","land","land",""
2,"2.moving",4,"4.Travelling",46895,"14:47.5",0.75,-0.078,0.36,0.864,"moving","Travelling","land","land",""
2,"2.moving",4,"4.Travelling",46896,"14:47.5",0.75,-0.072,0.363,0.861,"moving","Travelling","land","land",""
2,"2.moving",4,"4.Travelling",46897,"14:47.6",0.75,-0.076,0.384,0.84,"moving","Travelling","land","land",""
2,"2.moving",4,"4.Travelling",46898,"14:47.6",0.75,-0.096,0.401,0.861,"moving","Travelling","land","land",""
2,"2.moving",4,"4.Travelling",46899,"14:47.7",0.75,-0.096,0.425,0.949,"moving","Travelling","land","land",""
2,"2.moving",4,"4.Travelling",46900,"14:47.7",0.75,-0.094,0.405,0.952,"moving","Travelling","land","land",""
2,"2.moving",4,"4.Travelling",46901,"14:47.8",0.75,-0.069,0.399,0.935,"moving","Travelling","land","land",""
2,"2.moving",4,"4.Travelling",46902,"14:47.8",0.75,-0.068,0.421,0.937,"moving","Travelling","land","land",""
2,"2.moving",4,"4.Travelling",46903,"14:47.9",0.75,-0.094,0.411,0.942,"moving","Travelling","land","land",""
2,"2.moving",4,"4.Travelling",46904,"14:47.9",0.75,-0.082,0.383,0.862,"moving","Travelling","land","land",""
2,"2.moving",4,"4.Travelling",46905,"14:48.0",0.71,-0.062,0.385,0.84,"moving","Travelling","land","land",""
2,"2.moving",4,"4.Travelling",46906,"14:48.1",0.75,-0.063,0.404,0.859,"moving","Travelling","land","land",""
2,"2.moving",4,"4.Travelling",46907,"14:48.1",0.75,-0.077,0.409,0.89,"moving","Travelling","land","land",""
2,"2.moving",4,"4.Travelling",46908,"14:48.1",0.75,-0.121,0.414,0.914,"moving","Travelling","land","land",""
2,"2.moving",4,"4.Travelling",46909,"14:48.2",0.75,-0.105,0.421,0.919,"moving","Travelling","land","land",""
2,"2.moving",4,"4.Travelling",46910,"14:48.2",0.75,-0.076,0.434,0.914,"moving","Travelling","land","land",""
2,"2.moving",4,"4.Travelling",46911,"14:48.3",0.75,-0.069,0.422,0.899,"moving","Travelling","land","land",""
2,"2.moving",4,"4.Travelling",46912,"14:48.3",0.75,-0.089,0.459,0.935,"moving","Travelling","land","land",""
2,"2.moving",4,"4.Travelling",46913,"14:48.4",0.75,-0.086,0.437,0.911,"moving","Travelling","land","land",""
2,"2.moving",4,"4.Travelling",46914,"14:48.4",0.75,-0.075,0.409,0.881,"moving","Travelling","land","land",""
2,"2.moving",4,"4.Travelling",46915,"14:48.5",0.75,-0.081,0.421,0.89,"moving","Travelling","land","land",""
2,"2.moving",4,"4.Travelling",46916,"14:48.5",0.75,-0.08,0.417,0.893,"moving","Travelling","land","land",""
2,"2.moving",4,"4.Travelling",46917,"14:48.6",0.75,-0.086,0.42,0.886,"moving","Travelling","land","land",""
2,"2.moving",4,"4.Travelling",46918,"14:48.6",0.75,-0.096,0.403,0.887,"moving","Travelling","land","land",""
2,"2.moving",4,"4.Travelling",46919,"14:48.7",0.75,-0.062,0.408,0.885,"moving","Travelling","land","land",""
2,"2.moving",4,"4.Travelling",46920,"14:48.7",0.75,-0.052,0.4,0.854,"moving","Travelling","land","land",""
2,"2.moving",4,"4.Travelling",46921,"14:48.8",0.75,-0.083,0.405,0.866,"moving","Travelling","land","land",""
1,"1.lying",5,"5.Resting",46922,"14:48.8",0.75,-0.09,0.416,0.89,"lying","Resting","land","land","lying"
1,"1.lying",5,"5.Resting",46923,"14:48.9",0.75,-0.088,0.418,0.907,"lying","Resting","land","land",""
1,"1.lying",5,"5.Resting",46924,"14:48.9",0.75,-0.08,0.436,0.9,"lying","Resting","land","land",""
1,"1.lying",5,"5.Resting",46925,"14:49.0",0.75,-0.063,0.441,0.891,"lying","Resting","land","land",""
1,"1.lying",5,"5.Resting",46926,"14:49.0",0.75,-0.065,0.417,0.854,"lying","Resting","land","land",""
1,"1.lying",5,"5.Resting",46927,"14:49.1",0.75,-0.075,0.387,0.813,"lying","Resting","land","land",""
1,"1.lying",5,"5.Resting",46928,"14:49.1",0.75,-0.08,0.413,0.831,"lying","Resting","land","land",""
1,"1.lying",5,"5.Resting",46929,"14:49.2",0.75,-0.098,0.417,0.857,"lying","Resting","land","land",""
1,"1.lying",5,"5.Resting",46930,"14:49.2",0.75,-0.107,0.463,0.979,"lying","Resting","land","land",""
1,"1.lying",5,"5.Resting",46931,"14:49.3",0.75,-0.104,0.431,1.017,"lying","Resting","land","land",""
1,"1.lying",5,"5.Resting",46932,"14:49.3",0.75,-0.082,0.45,1.012,"lying","Resting","land","land",""
1,"1.lying",5,"5.Resting",46933,"14:49.4",0.75,-0.094,0.449,1.015,"lying","Resting","land","land",""
1,"1.lying",5,"5.Resting",46934,"14:49.4",0.75,-0.087,0.429,1.024,"lying","Resting","land","land",""
1,"1.lying",5,"5.Resting",46935,"14:49.5",0.75,-0.069,0.405,0.955,"lying","Resting","land","land",""
1,"1.lying",5,"5.Resting",46936,"14:49.6",0.71,-0.056,0.374,0.826,"lying","Resting","land","land",""
1,"1.lying",5,"5.Resting",46937,"14:49.6",0.75,-0.101,0.338,0.871,"lying","Resting","land","land",""
1,"1.lying",5,"5.Resting",46938,"14:49.6",0.75,-0.101,0.332,0.931,"lying","Resting","land","land",""
1,"1.lying",5,"5.Resting",46939,"14:49.7",0.75,-0.11,0.32,0.868,"lying","Resting","land","land",""
1,"1.lying",5,"5.Resting",46940,"14:49.7",0.75,-0.098,0.317,0.894,"lying","Resting","land","land",""
1,"1.lying",5,"5.Resting",46941,"14:49.8",0.75,-0.117,0.305,0.869,"lying","Resting","land","land",""
1,"1.lying",5,"5.Resting",46942,"14:49.8",0.75,-0.13,0.356,0.905,"lying","Resting","land","land",""
1,"1.lying",5,"5.Resting",46943,"14:49.9",0.75,-0.144,0.393,0.958,"lying","Resting","land","land",""
1,"1.lying",5,"5.Resting",46944,"14:49.9",0.75,-0.151,0.389,0.941,"lying","Resting","land","land",""
1,"1.lying",5,"5.Resting",46945,"14:50.0",0.75,-0.174,0.392,0.895,"lying","Resting","land","land",""
1,"1.lying",5,"5.Resting",46946,"14:50.0",0.75,-0.19,0.39,0.854,"lying","Resting","land","land",""
1,"1.lying",5,"5.Resting",46947,"14:50.1",0.75,-0.159,0.379,0.85,"lying","Resting","land","land",""
1,"1.lying",5,"5.Resting",46948,"14:50.1",0.75,-0.176,0.436,0.873,"lying","Resting","land","land",""
1,"1.lying",5,"5.Resting",46949,"14:50.2",0.75,-0.178,0.454,0.883,"lying","Resting","land","land",""
1,"1.lying",5,"5.Resting",46950,"14:50.3",0.75,-0.178,0.42,0.871,"lying","Resting","land","land",""
1,"1.lying",5,"5.Resting",46951,"14:50.3",0.75,-0.183,0.405,0.848,"lying","Resting","land","land",""
1,"1.lying",5,"5.Resting",46952,"14:50.3",0.75,-0.135,0.417,0.869,"lying","Resting","land","land",""
1,"1.lying",5,"5.Resting",46953,"14:50.4",0.75,-0.154,0.334,0.841,"lying","Resting","land","land",""
1,"1.lying",5,"5.Resting",46954,"14:50.4",0.75,-0.175,0.348,0.831,"lying","Resting","land","land",""
1,"1.lying",5,"5.Resting",46955,"14:50.5",0.75,-0.186,0.346,0.824,"lying","Resting","land","land",""
1,"1.lying",5,"5.Resting",46956,"14:50.5",0.75,-0.147,0.369,0.881,"lying","Resting","land","land",""
1,"1.lying",5,"5.Resting",46957,"14:50.6",0.75,-0.125,0.359,0.892,"lying","Resting","land","land",""
1,"1.lying",5,"5.Resting",46958,"14:50.6",0.75,-0.127,0.343,0.829,"lying","Resting","land","land",""
1,"1.lying",5,"5.Resting",46959,"14:50.7",0.75,-0.137,0.394,0.879,"lying","Resting","land","land",""
1,"1.lying",5,"5.Resting",46960,"14:50.7",0.75,-0.159,0.416,0.964,"lying","Resting","land","land",""
1,"1.lying",5,"5.Resting",46961,"14:50.8",0.75,-0.158,0.388,0.934,"lying","Resting","land","land",""
1,"1.lying",5,"5.Resting",46962,"14:50.8",0.75,-0.121,0.382,0.936,"lying","Resting","land","land",""
1,"1.lying",5,"5.Resting",46963,"14:50.9",0.75,-0.116,0.351,0.894,"lying","Resting","land","land",""
1,"1.lying",5,"5.Resting",46964,"14:50.9",0.75,-0.135,0.388,0.915,"lying","Resting","land","land",""
1,"1.lying",5,"5.Resting",46965,"14:51.0",0.75,-0.136,0.4,0.937,"lying","Resting","land","land",""
1,"1.lying",5,"5.Resting",46966,"14:51.0",0.75,-0.13,0.407,0.95,"lying","Resting","land","land",""
1,"1.lying",5,"5.Resting",46967,"14:51.1",0.75,-0.136,0.428,0.984,"lying","Resting","land","land",""
1,"1.lying",5,"5.Resting",46968,"14:51.1",0.75,-0.139,0.412,0.965,"lying","Resting","land","land",""
1,"1.lying",5,"5.Resting",46969,"14:51.2",0.75,-0.142,0.411,0.95,"lying","Resting","land","land",""
1,"1.lying",5,"5.Resting",46970,"14:51.2",0.75,-0.075,0.394,0.873,"lying","Resting","land","land",""
1,"1.lying",5,"5.Resting",46971,"14:51.3",0.75,-0.034,0.368,0.813,"lying","Resting","land","land",""
NA,"NA.lying",NA,"NA.Resting",46972,"14:51.3",0.75,-0.083,0.377,0.879,"lying","Resting","","underwater",""
